City,Mt. Baw Baw,Mt. Stirling,Mt. Hotham,Falls Creek,Mt. Buller,Selwyn,Thredbo,Perisher,Charlotte Pass
Melbourne,0.0,0.19475484606613447,0.45541619156214364,0.4848346636259977,0.18472063854047893,0.8264538198403648,0.8472063854047891,0.9833523375142532,1.0
Sydney,1.0,0.6753155680224404,0.5046750818139318,0.42893875642823764,0.6633941093969145,0.037868162692847096,0.008882655446470378,0.0,0.013557737260402103
